{
  "UC_02_LoginUser" : {
    "transaction" : "UC_02_LoginUser",
    "sampleCount" : 1193,
    "errorCount" : 0,
    "errorPct" : 0.0,
    "meanResTime" : 1.1190276613579226,
    "medianResTime" : 1.0,
    "minResTime" : 0.0,
    "maxResTime" : 37.0,
    "pct1ResTime" : 2.0,
    "pct2ResTime" : 3.0,
    "pct3ResTime" : 4.0,
    "throughput" : 11.511332825149319,
    "receivedKBytesPerSec" : 3.597291507859162,
    "sentKBytesPerSec" : 2.293273336260216
  },
  "GET /api/user" : {
    "transaction" : "GET /api/user",
    "sampleCount" : 1193,
    "errorCount" : 0,
    "errorPct" : 0.0,
    "meanResTime" : 0.7284157585917871,
    "medianResTime" : 1.0,
    "minResTime" : 0.0,
    "maxResTime" : 16.0,
    "pct1ResTime" : 1.0,
    "pct2ResTime" : 2.0,
    "pct3ResTime" : 2.0,
    "throughput" : 11.518557138995096,
    "receivedKBytesPerSec" : 2.4634414193749277,
    "sentKBytesPerSec" : 3.3633286958589195
  },
  "UC_01_RegisterUser" : {
    "transaction" : "UC_01_RegisterUser",
    "sampleCount" : 1198,
    "errorCount" : 0,
    "errorPct" : 0.0,
    "meanResTime" : 1.4282136894824675,
    "medianResTime" : 1.0,
    "minResTime" : 0.0,
    "maxResTime" : 152.0,
    "pct1ResTime" : 2.0,
    "pct2ResTime" : 3.0,
    "pct3ResTime" : 4.0,
    "throughput" : 11.523330415628637,
    "receivedKBytesPerSec" : 2.4093513888354514,
    "sentKBytesPerSec" : 2.3197011045997136
  },
  "POST /api/login" : {
    "transaction" : "POST /api/login",
    "sampleCount" : 1193,
    "errorCount" : 0,
    "errorPct" : 0.0,
    "meanResTime" : 1.1190276613579226,
    "medianResTime" : 1.0,
    "minResTime" : 0.0,
    "maxResTime" : 37.0,
    "pct1ResTime" : 2.0,
    "pct2ResTime" : 3.0,
    "pct3ResTime" : 4.0,
    "throughput" : 11.511332825149319,
    "receivedKBytesPerSec" : 3.597291507859162,
    "sentKBytesPerSec" : 2.293273336260216
  },
  "Total" : {
    "transaction" : "Total",
    "sampleCount" : 3579,
    "errorCount" : 0,
    "errorPct" : 0.0,
    "meanResTime" : 1.0938809723386427,
    "medianResTime" : 1.0,
    "minResTime" : 0.0,
    "maxResTime" : 152.0,
    "pct1ResTime" : 2.0,
    "pct2ResTime" : 2.0,
    "pct3ResTime" : 4.0,
    "throughput" : 34.48309085653724,
    "receivedKBytesPerSec" : 8.463623211532903,
    "sentKBytesPerSec" : 7.969724774785624
  },
  "POST /api/register" : {
    "transaction" : "POST /api/register",
    "sampleCount" : 1193,
    "errorCount" : 0,
    "errorPct" : 0.0,
    "meanResTime" : 1.434199497066216,
    "medianResTime" : 1.0,
    "minResTime" : 0.0,
    "maxResTime" : 152.0,
    "pct1ResTime" : 2.0,
    "pct2ResTime" : 3.0,
    "pct3ResTime" : 4.0,
    "throughput" : 11.49447436626232,
    "receivedKBytesPerSec" : 2.4133906140101553,
    "sentKBytesPerSec" : 2.3235900330237307
  },
  "UC_03_GetUserInfo" : {
    "transaction" : "UC_03_GetUserInfo",
    "sampleCount" : 1193,
    "errorCount" : 0,
    "errorPct" : 0.0,
    "meanResTime" : 0.7284157585917871,
    "medianResTime" : 1.0,
    "minResTime" : 0.0,
    "maxResTime" : 16.0,
    "pct1ResTime" : 1.0,
    "pct2ResTime" : 2.0,
    "pct3ResTime" : 2.0,
    "throughput" : 11.518445927027315,
    "receivedKBytesPerSec" : 2.463417634784162,
    "sentKBytesPerSec" : 3.363296222833171
  }
}