{
  "UC_02_LoginUser" : {
    "transaction" : "UC_02_LoginUser",
    "sampleCount" : 1183,
    "errorCount" : 0,
    "errorPct" : 0.0,
    "meanResTime" : 1.2189349112426047,
    "medianResTime" : 1.0,
    "minResTime" : 0.0,
    "maxResTime" : 43.0,
    "pct1ResTime" : 2.0,
    "pct2ResTime" : 3.0,
    "pct3ResTime" : 4.0,
    "throughput" : 11.447537763327237,
    "receivedKBytesPerSec" : 3.5773555510397617,
    "sentKBytesPerSec" : 2.280564163787848
  },
  "GET /api/user" : {
    "transaction" : "GET /api/user",
    "sampleCount" : 1183,
    "errorCount" : 0,
    "errorPct" : 0.0,
    "meanResTime" : 0.7387996618765854,
    "medianResTime" : 1.0,
    "minResTime" : 0.0,
    "maxResTime" : 13.0,
    "pct1ResTime" : 1.0,
    "pct2ResTime" : 2.0,
    "pct3ResTime" : 2.0,
    "throughput" : 11.455408153384331,
    "receivedKBytesPerSec" : 2.449935923428876,
    "sentKBytesPerSec" : 3.344889685412027
  },
  "UC_01_RegisterUser" : {
    "transaction" : "UC_01_RegisterUser",
    "sampleCount" : 1188,
    "errorCount" : 0,
    "errorPct" : 0.0,
    "meanResTime" : 1.6708754208754204,
    "medianResTime" : 1.0,
    "minResTime" : 0.0,
    "maxResTime" : 155.0,
    "pct1ResTime" : 3.0,
    "pct2ResTime" : 3.0,
    "pct3ResTime" : 4.0,
    "throughput" : 11.440788143183196,
    "receivedKBytesPerSec" : 2.392008677495931,
    "sentKBytesPerSec" : 2.303003703449571
  },
  "POST /api/login" : {
    "transaction" : "POST /api/login",
    "sampleCount" : 1183,
    "errorCount" : 0,
    "errorPct" : 0.0,
    "meanResTime" : 1.2189349112426047,
    "medianResTime" : 1.0,
    "minResTime" : 0.0,
    "maxResTime" : 43.0,
    "pct1ResTime" : 2.0,
    "pct2ResTime" : 3.0,
    "pct3ResTime" : 4.0,
    "throughput" : 11.447537763327237,
    "receivedKBytesPerSec" : 3.5773555510397617,
    "sentKBytesPerSec" : 2.280564163787848
  },
  "Total" : {
    "transaction" : "Total",
    "sampleCount" : 3549,
    "errorCount" : 0,
    "errorPct" : 0.0,
    "meanResTime" : 1.2118906734291313,
    "medianResTime" : 1.0,
    "minResTime" : 0.0,
    "maxResTime" : 155.0,
    "pct1ResTime" : 2.0,
    "pct2ResTime" : 3.0,
    "pct3ResTime" : 4.0,
    "throughput" : 34.28819863774697,
    "receivedKBytesPerSec" : 8.415788337519928,
    "sentKBytesPerSec" : 7.924681325781363
  },
  "POST /api/register" : {
    "transaction" : "POST /api/register",
    "sampleCount" : 1183,
    "errorCount" : 0,
    "errorPct" : 0.0,
    "meanResTime" : 1.677937447168216,
    "medianResTime" : 1.0,
    "minResTime" : 0.0,
    "maxResTime" : 155.0,
    "pct1ResTime" : 3.0,
    "pct2ResTime" : 3.0,
    "pct3ResTime" : 4.0,
    "throughput" : 11.429620397476402,
    "receivedKBytesPerSec" : 2.399773813923268,
    "sentKBytesPerSec" : 2.3104799045679836
  },
  "UC_03_GetUserInfo" : {
    "transaction" : "UC_03_GetUserInfo",
    "sampleCount" : 1183,
    "errorCount" : 0,
    "errorPct" : 0.0,
    "meanResTime" : 0.7387996618765854,
    "medianResTime" : 1.0,
    "minResTime" : 0.0,
    "maxResTime" : 13.0,
    "pct1ResTime" : 1.0,
    "pct2ResTime" : 2.0,
    "pct3ResTime" : 2.0,
    "throughput" : 11.455408153384331,
    "receivedKBytesPerSec" : 2.449935923428876,
    "sentKBytesPerSec" : 3.344889685412027
  }
}