{
  "UC_02_LoginUser" : {
    "transaction" : "UC_02_LoginUser",
    "sampleCount" : 1197,
    "errorCount" : 0,
    "errorPct" : 0.0,
    "meanResTime" : 1.3341687552213854,
    "medianResTime" : 1.0,
    "minResTime" : 0.0,
    "maxResTime" : 38.0,
    "pct1ResTime" : 2.0,
    "pct2ResTime" : 3.0,
    "pct3ResTime" : 4.0,
    "throughput" : 11.562871301475063,
    "receivedKBytesPerSec" : 3.613397281710957,
    "sentKBytesPerSec" : 2.3035407670907353
  },
  "GET /api/user" : {
    "transaction" : "GET /api/user",
    "sampleCount" : 1197,
    "errorCount" : 0,
    "errorPct" : 0.0,
    "meanResTime" : 0.8011695906432726,
    "medianResTime" : 1.0,
    "minResTime" : 0.0,
    "maxResTime" : 17.0,
    "pct1ResTime" : 1.0,
    "pct2ResTime" : 2.0,
    "pct3ResTime" : 3.0,
    "throughput" : 11.570807153214114,
    "receivedKBytesPerSec" : 2.474615982962784,
    "sentKBytesPerSec" : 3.3785852918076364
  },
  "UC_01_RegisterUser" : {
    "transaction" : "UC_01_RegisterUser",
    "sampleCount" : 1202,
    "errorCount" : 0,
    "errorPct" : 0.0,
    "meanResTime" : 1.8835274542429286,
    "medianResTime" : 2.0,
    "minResTime" : 0.0,
    "maxResTime" : 165.0,
    "pct1ResTime" : 3.0,
    "pct2ResTime" : 3.0,
    "pct3ResTime" : 4.0,
    "throughput" : 11.570932124257563,
    "receivedKBytesPerSec" : 2.4193379173044156,
    "sentKBytesPerSec" : 2.329316041311693
  },
  "POST /api/login" : {
    "transaction" : "POST /api/login",
    "sampleCount" : 1197,
    "errorCount" : 0,
    "errorPct" : 0.0,
    "meanResTime" : 1.3341687552213854,
    "medianResTime" : 1.0,
    "minResTime" : 0.0,
    "maxResTime" : 38.0,
    "pct1ResTime" : 2.0,
    "pct2ResTime" : 3.0,
    "pct3ResTime" : 4.0,
    "throughput" : 11.562982998454405,
    "receivedKBytesPerSec" : 3.613432187017002,
    "sentKBytesPerSec" : 2.3035630192233385
  },
  "Total" : {
    "transaction" : "Total",
    "sampleCount" : 3591,
    "errorCount" : 0,
    "errorPct" : 0.0,
    "meanResTime" : 1.3419660261765531,
    "medianResTime" : 1.0,
    "minResTime" : 0.0,
    "maxResTime" : 165.0,
    "pct1ResTime" : 2.0,
    "pct2ResTime" : 3.0,
    "pct3ResTime" : 4.0,
    "throughput" : 34.63074044785619,
    "receivedKBytesPerSec" : 8.499862727110537,
    "sentKBytesPerSec" : 8.003849517570929
  },
  "POST /api/register" : {
    "transaction" : "POST /api/register",
    "sampleCount" : 1197,
    "errorCount" : 0,
    "errorPct" : 0.0,
    "meanResTime" : 1.8905597326649985,
    "medianResTime" : 2.0,
    "minResTime" : 0.0,
    "maxResTime" : 165.0,
    "pct1ResTime" : 3.0,
    "pct2ResTime" : 3.0,
    "pct3ResTime" : 4.0,
    "throughput" : 11.543802800601782,
    "receivedKBytesPerSec" : 2.423747658329476,
    "sentKBytesPerSec" : 2.3335616989497745
  },
  "UC_03_GetUserInfo" : {
    "transaction" : "UC_03_GetUserInfo",
    "sampleCount" : 1197,
    "errorCount" : 0,
    "errorPct" : 0.0,
    "meanResTime" : 0.8011695906432726,
    "medianResTime" : 1.0,
    "minResTime" : 0.0,
    "maxResTime" : 17.0,
    "pct1ResTime" : 1.0,
    "pct2ResTime" : 2.0,
    "pct3ResTime" : 3.0,
    "throughput" : 11.570695305023634,
    "receivedKBytesPerSec" : 2.4745920623048594,
    "sentKBytesPerSec" : 3.3785526330098308
  }
}