{
  "UC_02_LoginUser" : {
    "transaction" : "UC_02_LoginUser",
    "sampleCount" : 1202,
    "errorCount" : 0,
    "errorPct" : 0.0,
    "meanResTime" : 1.2296173044925145,
    "medianResTime" : 1.0,
    "minResTime" : 0.0,
    "maxResTime" : 58.0,
    "pct1ResTime" : 2.0,
    "pct2ResTime" : 3.0,
    "pct3ResTime" : 4.0,
    "throughput" : 11.611507177495701,
    "receivedKBytesPerSec" : 3.6285959929674068,
    "sentKBytesPerSec" : 2.3132299455167216
  },
  "GET /api/user" : {
    "transaction" : "GET /api/user",
    "sampleCount" : 1202,
    "errorCount" : 0,
    "errorPct" : 0.0,
    "meanResTime" : 0.7271214642262908,
    "medianResTime" : 1.0,
    "minResTime" : 0.0,
    "maxResTime" : 16.0,
    "pct1ResTime" : 1.0,
    "pct2ResTime" : 2.0,
    "pct3ResTime" : 2.0,
    "throughput" : 11.621835901997564,
    "receivedKBytesPerSec" : 2.4855293579467443,
    "sentKBytesPerSec" : 3.393485287790304
  },
  "UC_01_RegisterUser" : {
    "transaction" : "UC_01_RegisterUser",
    "sampleCount" : 1207,
    "errorCount" : 0,
    "errorPct" : 0.0,
    "meanResTime" : 1.757249378624687,
    "medianResTime" : 1.0,
    "minResTime" : 0.0,
    "maxResTime" : 191.0,
    "pct1ResTime" : 3.0,
    "pct2ResTime" : 3.0,
    "pct3ResTime" : 4.0,
    "throughput" : 11.610011350301072,
    "receivedKBytesPerSec" : 2.427550902012274,
    "sentKBytesPerSec" : 2.337223426588561
  },
  "POST /api/login" : {
    "transaction" : "POST /api/login",
    "sampleCount" : 1202,
    "errorCount" : 0,
    "errorPct" : 0.0,
    "meanResTime" : 1.2296173044925145,
    "medianResTime" : 1.0,
    "minResTime" : 0.0,
    "maxResTime" : 58.0,
    "pct1ResTime" : 2.0,
    "pct2ResTime" : 3.0,
    "pct3ResTime" : 4.0,
    "throughput" : 11.611507177495701,
    "receivedKBytesPerSec" : 3.6285959929674068,
    "sentKBytesPerSec" : 2.3132299455167216
  },
  "Total" : {
    "transaction" : "Total",
    "sampleCount" : 3606,
    "errorCount" : 0,
    "errorPct" : 0.0,
    "meanResTime" : 1.2404326123128142,
    "medianResTime" : 1.0,
    "minResTime" : 0.0,
    "maxResTime" : 191.0,
    "pct1ResTime" : 2.0,
    "pct2ResTime" : 3.0,
    "pct3ResTime" : 4.0,
    "throughput" : 34.76969656063484,
    "receivedKBytesPerSec" : 8.5339684917704,
    "sentKBytesPerSec" : 8.03596502540714
  },
  "POST /api/register" : {
    "transaction" : "POST /api/register",
    "sampleCount" : 1202,
    "errorCount" : 0,
    "errorPct" : 0.0,
    "meanResTime" : 1.7645590682196326,
    "medianResTime" : 1.0,
    "minResTime" : 0.0,
    "maxResTime" : 191.0,
    "pct1ResTime" : 3.0,
    "pct2ResTime" : 3.0,
    "pct3ResTime" : 4.0,
    "throughput" : 11.59001060649889,
    "receivedKBytesPerSec" : 2.433449492575451,
    "sentKBytesPerSec" : 2.342902534712178
  },
  "UC_03_GetUserInfo" : {
    "transaction" : "UC_03_GetUserInfo",
    "sampleCount" : 1202,
    "errorCount" : 0,
    "errorPct" : 0.0,
    "meanResTime" : 0.7271214642262908,
    "medianResTime" : 1.0,
    "minResTime" : 0.0,
    "maxResTime" : 16.0,
    "pct1ResTime" : 1.0,
    "pct2ResTime" : 2.0,
    "pct3ResTime" : 2.0,
    "throughput" : 11.621835901997564,
    "receivedKBytesPerSec" : 2.4855293579467443,
    "sentKBytesPerSec" : 3.393485287790304
  }
}